,age,avg_order_value,total_orders,last_purchase,is_fraudulent,email_open_rate,loyalty_score,churn_risk
age,1.0,0.0019993916942091772,0.02063968256806583,-0.0015281770739066357,0.0032419901118534507,-0.010422084056203956,0.010879993278189549,0.007440837816621934
avg_order_value,0.0019993916942091772,1.0,0.027506552937087286,0.022285526355701437,-0.010310894423783683,-0.022002014679512648,-0.005071893870437312,0.0028163572887869724
total_orders,0.02063968256806583,0.027506552937087286,1.0,0.0076902432184876275,0.002200028032858924,0.03049223300392518,-0.004910678565976236,-0.0014274829652627856
last_purchase,-0.0015281770739066357,0.022285526355701437,0.0076902432184876275,1.0,-0.0077248262445934685,-0.0061914947944047985,0.01560765145629998,0.007631980937394586
is_fraudulent,0.0032419901118534507,-0.010310894423783683,0.002200028032858924,-0.0077248262445934685,1.0,0.017090114415255323,0.00380337548780696,-0.0035429262428260068
email_open_rate,-0.010422084056203956,-0.022002014679512648,0.03049223300392518,-0.0061914947944047985,0.017090114415255323,1.0,-0.004900419816541027,0.027623625550501484
loyalty_score,0.010879993278189549,-0.005071893870437312,-0.004910678565976236,0.01560765145629998,0.00380337548780696,-0.004900419816541027,1.0,0.00213485073416617
churn_risk,0.007440837816621934,0.0028163572887869724,-0.0014274829652627856,0.007631980937394586,-0.0035429262428260068,0.027623625550501484,0.00213485073416617,1.0
